{
  "TimecodeConfig": {
    "Source": "ZEROBASED"
  },
  "OutputGroups": [
    {
      "Name": "Apple HLS",
      "Outputs": [
        {
          "ContainerSettings": {
            "Container": "M3U8"
          },
          "VideoDescription": {
            "Width": 480,
            "Height": 270,
            "CodecSettings": {
              "Codec": "H_264",
              "H264Settings": {
                "MaxBitrate": 1500000,
                "RateControlMode": "QVBR",
                "SceneChangeDetect": "TRANSITION_DETECTION"
              }
            }
          },
          "AudioDescriptions": [
            {
              "AudioSourceName": "Audio Selector 1",
              "CodecSettings": {
                "Codec": "AAC",
                "AacSettings": {
                  "Bitrate": 96000,
                  "CodingMode": "CODING_MODE_2_0",
                  "SampleRate": 48000
                }
              }
            }
          ],
          "OutputSettings": {
            "HlsSettings": {}
          },
          "NameModifier": "-480x270"
        },
        {
          "ContainerSettings": {
            "Container": "M3U8"
          },
          "VideoDescription": {
            "Width": 640,
            "Height": 360,
            "CodecSettings": {
              "Codec": "H_264",
              "H264Settings": {
                "MaxBitrate": 2000000,
                "RateControlMode": "QVBR",
                "SceneChangeDetect": "TRANSITION_DETECTION"
              }
            }
          },
          "AudioDescriptions": [
            {
              "CodecSettings": {
                "Codec": "AAC",
                "AacSettings": {
                  "Bitrate": 96000,
                  "CodingMode": "CODING_MODE_2_0",
                  "SampleRate": 48000
                }
              }
            }
          ],
          "OutputSettings": {
            "HlsSettings": {}
          },
          "NameModifier": "-640x360"
        },
        {
          "ContainerSettings": {
            "Container": "M3U8"
          },
          "VideoDescription": {
            "Width": 1280,
            "Height": 720,
            "CodecSettings": {
              "Codec": "H_264",
              "H264Settings": {
                "MaxBitrate": 4000000,
                "RateControlMode": "QVBR",
                "SceneChangeDetect": "TRANSITION_DETECTION"
              }
            }
          },
          "AudioDescriptions": [
            {
              "CodecSettings": {
                "Codec": "AAC",
                "AacSettings": {
                  "Bitrate": 96000,
                  "CodingMode": "CODING_MODE_2_0",
                  "SampleRate": 48000
                }
              }
            }
          ],
          "OutputSettings": {
            "HlsSettings": {}
          },
          "NameModifier": "-1280x720"
        },
        {
          "ContainerSettings": {
            "Container": "M3U8"
          },
          "VideoDescription": {
            "Width": 1920,
            "Height": 1080,
            "CodecSettings": {
              "Codec": "H_264",
              "H264Settings": {
                "MaxBitrate": 8000000,
                "RateControlMode": "QVBR",
                "SceneChangeDetect": "TRANSITION_DETECTION"
              }
            }
          },
          "AudioDescriptions": [
            {
              "CodecSettings": {
                "Codec": "AAC",
                "AacSettings": {
                  "Bitrate": 96000,
                  "CodingMode": "CODING_MODE_2_0",
                  "SampleRate": 48000
                }
              }
            }
          ],
          "OutputSettings": {
            "HlsSettings": {}
          },
          "NameModifier": "-1920x1080"
        }
      ],
      "OutputGroupSettings": {
        "Type": "HLS_GROUP_SETTINGS",
        "HlsGroupSettings": {
          "SegmentLength": 10,
          "CaptionLanguageSetting": "OMIT",
          "Destination": "s3://tonystrawberry-netflix-output-video/assets/3bf07458-3c53-44d6-b313-9b58122e730b/HLS/file_example_MP4_1920_18MG",
          "MinSegmentLength": 0
        }
      }
    },
    {
      "Name": "File Group",
      "Outputs": [
        {
          "ContainerSettings": {
            "Container": "RAW"
          },
          "VideoDescription": {
            "CodecSettings": {
              "Codec": "FRAME_CAPTURE",
              "FrameCaptureSettings": {
                "FramerateNumerator": 1,
                "FramerateDenominator": 3,
                "MaxCaptures": 100
              }
            }
          }
        }
      ],
      "OutputGroupSettings": {
        "Type": "FILE_GROUP_SETTINGS",
        "FileGroupSettings": {
          "Destination": "s3://tonystrawberry-netflix-output-video/assets/3bf07458-3c53-44d6-b313-9b58122e730b/Thumbnails/file_example_MP4_1920_18MG"
        }
      }
    }
  ],
  "FollowSource": 1,
  "Inputs": [
    {
      "AudioSelectors": {
        "Audio Selector 1": {
          "DefaultSelection": "DEFAULT"
        }
      },
      "VideoSelector": {},
      "TimecodeSource": "ZEROBASED",
      "FileInput": "s3://tonystrawberry-netflix-input-video/file_example_MP4_1920_18MG.mp4"
    }
  ]
}
